News,Label
Lower House Approves Bill to Merge four Tertiary Institutions,1
PM Threatens Legal Action over  Alfa Nero Sale Allegations,1
Legal Defence In Alfa Nero Case reaches  US $13k,1
Priminister Gaston Brown sent to  prison on charges on Alfa Nero sales,1
Tourism Authority Reports Record Visitor Arrivals,1
Preparations Underway for Subsea Fiber Optic Cable,1
Digital Arrival System Launched at VC Bird International Airport,1
Prison Service Transferred to Justice Ministry,1
Public Schools Expected to Resume Normal Operations,1
Change in Payment System for Cuban Medical Professionals,1
Legal Dispute Over Seized Russian Megayacht,1
Tribute Held for Slain 9-Year-Old Chantel Crump,1
Empowerment Grant Supports Disabled Community,1
Antigua and Barbuda Emphasizes Tangible Climate Action at COP29,1
Antigua and Barbuda's Efforts to Combat Plastic Pollution,1
Youth-Led Mangrove Conservation Project Launched,1
Ecosystem-Based Adaptation Initiatives Underway,1
Saharan Dust Surge Reduces Air Quality,1
Sand Mining Practices in Barbuda Under Scrutiny,1
Antigua Allocates US$1 Million to Secure Future Vaccine Supplies,1
"U.S. Donates 23,400 Pfizer Doses to Antigua and Barbuda",1
"Spain Donates 19,200 AstraZeneca Vaccines via COVAX",1
Government Launches Incentive Program Offering $50 Food Vouchers for First Doses,1
Mandatory Vaccination Measures Implemented for Public Sector Employees,1
Frontline Workers Mandated to Receive COVID-19 Booster Shots,1
Antigua and Barbuda Approves Mixed Vaccine Doses for Incoming Travelers,1
Scientists Discover Singing Coral Reef off the Coast of Barbuda,0
Parrotfish Launch Protest Against Overfishing Policies,0
Antigua to Replace Plastic Bags with Coconut Husk Containers,0
Barbuda Ocean Club Replaced with Giant Sea Turtle Sanctuary After Unexpected Squatter Invasion,0
New COVID Variant Reportedly Causes Sudden Craving for Saltfish and Fungi,0
Antigua Approves Mango-Based Vaccine in Caribbean First,0
Barbudan Healer Claims to Cure COVID-19 with Aloe and Bush Tea,0
Nation Declares Zero COVID Cases After Everyone Just Stopped Testing,0
Prime Minister Accidentally Tweets Grocery List Instead of Policy Statement,0
National Parliament Debates Whether Ackee Is Better Than Breadfruit,0
Antigua Launches Ministry of Vibes to Boost National Morale,0
New Law Requires All Citizens to Smile on Public Holidays,0
Tourists Mistake Donkey Sanctuary for Beach Resort – Stay Anyway,0
"Florida Declares Independence, Cites “Too Much Drama” from Washington",0
NASA Mistakenly Launches Elon Musk’s Fridge into Orbit,0
New U.S. Legislation Requires All Citizens to Know at Least One TikTok Dance,0
Texas Man Claims He Rode Tornado to Work — Scientists “Not Even Surprised Anymore”,0
Jamaican Scientists Discover Reggae Has Healing Properties,0
Usain Bolt Returns to Track After Losing Race to Goat in St. Mary,0
ew Jamaican Airline Promises No Delays – Just Irie Vibes,0
Rihanna Appointed Minister of Fashion and National Pride in Surprise Cabinet Reshuffle,0
Barbados to Introduce Currency Based on Beach Sand and Rum Bottles,0
Trinidad Declares Doubles a National Treasure Protected by UNESCO,0
"Soca Music Used to Calm Angry Parliament Members — “It Worked,” Says Speaker",0
Dominican Farmers Teach AI to Grow Dasheen – Robots Now Demand Seasoning,0
ainforest Declares Itself a Republic — Names Hummingbird as Prime Minister,0
Bahamas Opens “Underwater Parliament” for Mermaid Representation,0
Tourists Accidentally Attend Junkanoo Thinking It's a Yoga Class,0
Vodou Priest Elected Mayor After Promising Free Goat Soup Every Sunday,0
Tourists Accidentally Attend Junkanoo Thinking It's a Yoga Class,0
Haitian Grandmother Claims to Have Predicted Every Earthquake – But Only Told Her Cat,0
Cassie Testifies in Diddy Trial,1
Trump Announces $200 Billion in Deals with UAE,1
"Food, Wine & Fête Festival Celebrates Caribbean Culture in Miami",1
Las Américas International Airport Undergoes $30 Million Renovation,1
Pope Leo XIV Calls for Unity in Inaugural Mass,1
Israel Launches Extensive Ground Attack in Gaza,1
Overthrown Gabon President Bongo and Family Arrive in Angola,1
"One Man Dead and Another Injured After a Shooting in Grenada, Mississippi",1
Anita Anand Named Canada's Foreign Minister,1
Canada Appoints First-Ever AI Minister,1
Canada Pauses Some Counter Tariffs Against the U.S.,1
Tourist Exit Survey Highlights Poor Customer Service,1
Barbados Reggae Weekend Features Carlene Davis,1
21 Trinidad Nationals in U.S. Custody to Be Repatriated,1
Defence Minister Considers Restrictions for Vybz Kartel Concert,1
"Murders Decrease, but Fatal Police Shootings Rise",1
Authorities Search for Escaped Ocelot in Jamaica,1
Saint Lucia to Host CARICOM IMPACS Meeting,1
Saint Lucia Jazz & Arts Festival Showcases Local Talent,1
Trump Signs Executive Order to Withdraw U.S. from WHO,1
FBI Director Criticizes Canada Over Fentanyl Trafficking,1
Government Plans to Repeal Death Penalty,1
